{"accuracy": [0.7021763920783997, 0.8747993111610413, 0.9226080775260925, 0.9472557306289673, 0.9631028175354004, 0.9743711948394775, 0.9786674380302429, 0.9818487167358398, 0.9815662503242493, 0.9830825924873352], "loss": [1.0921415090560913, 0.40704435110092163, 0.2467305213212967, 0.16642329096794128, 0.11303588002920151, 0.07902593910694122, 0.0635475367307663, 0.056371428072452545, 0.0564410537481308, 0.04981227219104767], "val_accuracy": [0.5562102794647217, 0.8539729118347168, 0.8853696584701538, 0.9503728747367859, 0.9389559030532837, 0.9398766160011292, 0.9512015581130981, 0.9413498044013977, 0.9108737707138062, 0.9439278244972229], "val_loss": [1.8494383096694946, 0.4722030758857727, 0.37789368629455566, 0.1441170573234558, 0.18822874128818512, 0.1889834851026535, 0.1645103394985199, 0.19986937940120697, 0.33358287811279297, 0.1932963877916336]}