{"accuracy": [0.628858745098114, 0.8506081104278564, 0.9106907248497009, 0.9414763450622559, 0.9585404992103577, 0.9690879583358765, 0.972332239151001, 0.976601779460907, 0.980674684047699, 0.9809134602546692], "loss": [1.3550561666488647, 0.48902368545532227, 0.282710462808609, 0.1811055839061737, 0.1295120120048523, 0.09708288311958313, 0.08311498165130615, 0.07083692401647568, 0.05770978704094887, 0.05781073123216629], "val_accuracy": [0.5737961530685425, 0.9203572273254395, 0.9051652550697327, 0.948623538017273, 0.9667618274688721, 0.9570021033287048, 0.9599484205245972, 0.9731147885322571, 0.9569100737571716, 0.9357333779335022], "val_loss": [1.5426738262176514, 0.24798521399497986, 0.30111628770828247, 0.16919434070587158, 0.10019229352474213, 0.12837213277816772, 0.13002416491508484, 0.09180446714162827, 0.14458207786083221, 0.22184054553508759]}