{"accuracy": [0.7525320053100586, 0.9108967781066895, 0.9480020403862, 0.9657490253448486, 0.9805957078933716, 0.9851072430610657, 0.985751748085022, 0.9867415428161621, 0.9883298277854919, 0.9892505407333374], "loss": [0.8798957467079163, 0.29090985655784607, 0.161028653383255, 0.104612797498703, 0.06316506117582321, 0.0473678782582283, 0.044437475502491, 0.04117094352841377, 0.035449281334877014, 0.032562486827373505], "val_accuracy": [0.13267654180526733, 0.7445907592773438, 0.8104225993156433, 0.8564589023590088, 0.8875794410705566, 0.959764301776886, 0.9675904512405396, 0.8751496076583862, 0.9559893012046814, 0.9443881511688232], "val_loss": [8.915430068969727, 1.0534700155258179, 0.8487693071365356, 0.6415500640869141, 0.3951152563095093, 0.129608154296875, 0.0997215285897255, 0.4474821090698242, 0.13639171421527863, 0.20545276999473572]}